customer_id,customer_name,email,registration_date,customer_type
1,Aryan Maharaj,udantdewan@example.net,2023-11-29,REGULAR
2,Pahal Balay,chandertejas@example.org,2025-02-12,REGULAR
3,Rushil Saini,saumyamall@example.org,2025-11-17,REGULAR
4,Pahal Oak,nachiket35@example.org,2023-11-18,REGULAR
5,Jagrati Padmanabhan,caleb78@example.org,2026-07-10,PREMIUM
6,Farhan Memon,rehaan10@example.net,2024-04-14,REGULAR
7,Fariq Kaul,raiarunima@example.com,2025-07-05,PREMIUM
8,Nicholas Prabhakar,shaurya41@example.net,2025-07-04,REGULAR
9,Nihal Shere,omadan@example.net,2025-04-10,REGULAR
10,Daksh Karnik,muttinandini@example.com,2023-10-20,REGULAR
11,Simon Tata,jshanker@example.com,2024-01-09,REGULAR
12,Priya Rastogi,theodore28@example.com,2023-11-16,REGULAR
13,Imaran Dua,pahalbhatt@example.com,2024-09-30,REGULAR
14,Zayan Apte,yadavamara@example.net,2024-08-15,REGULAR
15,Radhika Dugar,uaggarwal@example.net,2024-05-23,REGULAR
16,Yashica Cherian,yashica93@example.org,2024-09-21,REGULAR
17,Aadi Naik,hbahl@example.com,2026-03-29,REGULAR
18,Wriddhish Bhardwaj,farhanchada@example.net,2025-01-22,REGULAR
19,Jeremiah Dave,qgandhi@example.net,2026-03-22,PREMIUM
20,Siddharth Zacharia,devikarastogi@example.net,2025-07-21,REGULAR
21,Zansi Seth,kotaumang@example.org,2024-08-13,PREMIUM
22,Thomas Amble,bhargavaveer@example.org,2026-04-27,REGULAR
23,Ekavir Varkey,aryasunder@example.org,2025-03-22,REGULAR
24,Xavier Solanki,ggupta@example.org,2025-07-31,REGULAR
25,Pallavi Roy,rbhagat@example.net,2026-07-22,VIP
26,Darsh Rau,ikbal33@example.org,2025-03-18,REGULAR
27,Pahal Goswami,turvi31@example.com,2026-01-10,REGULAR
28,Chandresh Zachariah,chanderwarjas@example.org,2024-10-27,REGULAR
29,Tanay Rattan,galaladli@example.org,2026-07-23,PREMIUM
30,Suhani Mangal,jsur@example.org,2024-06-29,REGULAR
31,Darsh Murthy,bedivansha@example.net,2026-05-12,PREMIUM
32,Dakshesh Trivedi,grewalekapad@example.net,2023-10-22,PREMIUM
33,Netra Dar,balveerbumb@example.com,2025-07-29,REGULAR
34,Advika Jayaraman,william46@example.org,2025-08-14,VIP
35,Tanvi Mutti,andratara@example.net,2026-08-07,REGULAR
36,Ethan Yogi,yashawinilanka@example.org,2026-05-27,REGULAR
37,Yash Pingle,nakul78@example.net,2024-07-05,PREMIUM
38,Chandani Chawla,aishanidalia@example.org,2025-10-30,REGULAR
39,Anita Manda,hemaljani@example.net,2025-07-04,PREMIUM
40,Yashasvi Suresh,charan16@example.com,2023-09-26,REGULAR
41,Kalpit Lala,riyasane@example.net,2023-08-19,PREMIUM
42,Manthan Banik,manbir62@example.org,2024-07-11,REGULAR
43,Ishita Kade,harshilpandya@example.net,2026-04-04,REGULAR
44,Mohammed Khalsa,petersachar@example.org,2024-02-21,REGULAR
45,Nisha Kothari,nathaniel16@example.org,2026-03-07,REGULAR
46,Ryan Sharma,dalaja33@example.org,2025-08-01,REGULAR
47,Falguni Mallick,mallickindali@example.net,2025-02-17,REGULAR
48,Ayaan D’Alia,pranav94@example.org,2023-12-05,REGULAR
49,Hemani Murthy,hvaidya@example.com,2026-04-20,REGULAR
50,Aachal Basu,hagarwal@example.net,2025-08-30,REGULAR
51,Januja Sankar,narayanandipta@example.net,2026-02-23,REGULAR
52,Yashica More,znarain@example.net,2024-06-28,REGULAR
53,Rehaan Salvi,nghosh@example.net,2024-07-03,REGULAR
54,Daksha Mangat,qushinagy@example.com,2024-12-05,VIP
55,Yasti Solanki,fradomander@example.net,2025-08-05,REGULAR
56,Girik Keer,umang32@example.org,2023-09-28,REGULAR
57,Elijah Shah,thayer@example.net,2024-10-02,REGULAR
58,Yagnesh Divan,chhabrapavani@example.org,2024-02-17,PREMIUM
59,Chandresh Krish,shankiaan@example.com,2025-08-09,REGULAR
60,Saanvi Thaman,ksehgal@example.net,2026-03-10,REGULAR
61,Aashi Kota,vedhika34@example.com,2023-11-01,VIP
62,Wahab Magar,ekaja81@example.org,2024-01-21,REGULAR
63,Michael Kala,sachdevanikitaexample.com,2025-03-25,REGULAR
64,David Jhaveri,xramachandran@example.net,2026-06-10,REGULAR
65,Lajita Sood,pandeychanchal@example.com,2026-03-01,PREMIUM
66,Thomas Sura,anjalisarin@example.com,2023-09-09,PREMIUM
67,Nidhi Gandhi,ndatta@example.net,2023-09-07,REGULAR
68,Avi Chacko,ddeshmukh@example.org,2023-10-03,REGULAR
69,Falak Kakar,vnarain@example.com,2024-06-08,REGULAR
70,Zayyan Bumb,vbahl@example.net,2023-10-05,REGULAR
71,Udarsh Biswas,balasubramanianyug@example.org,2026-02-13,REGULAR
72,William Date,kcontractor@example.org,2024-12-30,VIP
73,Jyoti Ganesh,gadedeepa@example.org,2025-05-04,PREMIUM
74,Keya Ranganathan,faqidkibe@example.org,2025-09-11,REGULAR
75,Jai Barman,priya51@example.net,2025-07-18,REGULAR
76,Osha Suri,santjanaki@example.net,2026-04-12,REGULAR
77,Michael Saran,anamikayohannan@example.com,2024-12-30,VIP
78,Ekantika Korpal,mallickshravya@example.org,2025-11-08,REGULAR
79,Gayathri Balakrishnan,lnair@example.com,2024-03-28,REGULAR
80,Harini Mammen,advaith83@example.org,2024-04-29,REGULAR
81,Vrinda Khosla,cswaminathan@example.org,2023-11-18,REGULAR
82,Nidhi Kohli,jyoti78@example.net,2024-08-19,REGULAR
83,Indira Setty,damini43@example.org,2025-10-07,REGULAR
84,Jagdish Wason,rehaankalita@example.net,2025-01-20,PREMIUM
85,Harish Hari,utkarsh52@example.com,2023-08-24,REGULAR
86,Anusha Bath,masterjonathan@example.net,2026-03-17,REGULAR
87,Harshil Arora,upasna77@example.com,2024-02-27,VIP
88,Zayyan Sridhar,bhattacharyyanandini@example.com,2023-10-29,REGULAR
89,Max Dixit,frederick31@example.net,2025-11-23,REGULAR
90,Lajita Seshadri,lmishra@example.com,2024-07-08,REGULAR
91,Hardik Johal,aishanibumb@example.org,2024-04-27,REGULAR
92,Naksh Agate,sseshadri@example.net,2025-01-05,REGULAR
93,Vincent Mani,sudiksha13@example.com,2025-12-19,PREMIUM
94,Pavani Contractor,manthanlataexample.org,2023-10-26,REGULAR
95,Damyanti Mani,ddash@example.net,2024-07-07,REGULAR
96,Anita Tella,fsarma@example.net,2023-09-21,REGULAR
97,Ekantika Krishna,chandveer@example.net,2026-02-10,VIP
98,Amruta Baria,upmavenkataraman@example.net,2024-12-05,REGULAR
99,Pratyush Sarin,echand@example.com,2024-10-29,VIP
100,Henry Dyal,nisha74@example.net,2026-06-09,PREMIUM
101,Suhani Chakrabarti,zayyan51@example.com,2026-03-13,REGULAR
102,Turvi Sachdev,guhazarna.com,2025-06-21,PREMIUM
103,Riya Behl,amaradeep@example.com,2024-12-01,REGULAR
104,Jairaj Balakrishnan,nathanmukhopadhyay@example.net,2023-08-23,REGULAR
105,Girik Kar,shenoyjacob@example.net,2026-02-06,REGULAR
106,Bishakha Upadhyay,ojasvi77@example.org,2024-12-21,REGULAR
107,Leela Halder,ekarajmajumdar@example.com,2024-08-15,REGULAR
108,Aarnav Mandal,vrishti27@example.net,2025-01-20,REGULAR
109,Krishna Shah,ranbir39@example.com,2024-04-20,REGULAR
110,Caleb Nadkarni,yraj@example.net,2025-12-24,VIP
111,Warhi Bansal,yadavinarula@example.org,2026-03-24,PREMIUM
112,Harish Vora,uaurora@example.org,2024-10-31,REGULAR
113,Falan Singh,hamsini96@example.net,2023-11-05,REGULAR
114,Lajita Nadig,nbanik@example.org,2024-04-22,REGULAR
115,Utkarsh Chana,wchaudhari@example.net,2025-09-18,VIP
116,Sachi Ganesan,ayush05@example.org,2024-06-25,PREMIUM
117,Raagini Dhingra,nishagole@example.org,2024-02-16,REGULAR
118,Wridesh Tank,vincentshenoy@example.net,2024-05-13,REGULAR
119,Aditya Shroff,nakul17@example.com,2026-07-26,REGULAR
120,Panini Krishna,mmittal@example.com,2026-03-01,REGULAR
121,Warjas Raj,chakrika40@example.net,2024-10-15,PREMIUM
122,Chandran Taneja,victor95@example.org,2025-07-06,REGULAR
123,Laksh Chatterjee,moreridhi@example.org,2025-05-05,PREMIUM
124,Gautam Merchant,ojasvi23@example.org,2025-12-18,REGULAR
125,Yachana Mahajan,aarinisubramaniam@example.com,2025-11-04,REGULAR
126,Ishwar Sidhu,dhaliwalupkaarexample.net,2025-10-10,REGULAR
127,Jasmit Chana,qatwal@example.net,2023-12-22,REGULAR
128,Adweta Raj,hritik37@example.org,2025-06-18,VIP
129,Timothy Bhatnagar,pmittal@example.com,2023-12-14,PREMIUM
130,Baljiwan Modi,gdalia@example.org,2026-04-07,PREMIUM
131,Lipika Setty,oni92@example.com,2025-07-26,REGULAR
132,Nikita Mammen,prabhakarteerth@example.com,2024-12-08,REGULAR
133,Janani Chaudhary,jagrati06@example.com,2024-03-04,PREMIUM
134,Suhani Chand,anshbedi@example.com,2024-05-01,VIP
135,Samesh Biswas,tarakkaul@example.com,2025-12-04,REGULAR
136,Aradhana Dhillon,zashilghosh@example.org,2025-08-02,REGULAR
137,Karan Aurora,wazir95@example.org,2024-02-15,REGULAR
138,Jonathan Sama,bhattvamakshi@example.com,2025-12-08,PREMIUM
139,Siya Thakur,calebverma@example.com,2024-12-23,PREMIUM
140,Darsh Srinivas,rsandhu@example.org,2025-01-27,REGULAR
141,Ethan Buch,manbir12@example.com,2025-06-23,REGULAR
142,Lakshmi Wali,sudiksha89@example.com,2023-11-25,REGULAR
143,Tanveer Sani,akari@example.com,2026-01-31,REGULAR
144,Ojasvi Chandran,prisha54@example.com,2026-06-19,PREMIUM
145,Ekalinga Chand,chanderrachana@example.org,2025-11-02,REGULAR
146,Kalpit Bhasin,jason65@example.net,2026-06-05,REGULAR
147,Charan Mani,indira19@example.net,2024-03-29,REGULAR
148,Udarsh Chokshi,jhalak14@example.net,2024-04-12,PREMIUM
149,Atharv Loke,goleanjali@example.net,2025-11-21,REGULAR
150,Indali Ahuja,lukerattan@example.org,2024-01-11,REGULAR
151,Gavin Wali,krishasaini@example.com,2024-08-16,VIP
152,Devika Nair,bennachiket@example.org,2025-11-12,REGULAR
153,Finn Magar,fsamra@example.net,2024-12-05,REGULAR
154,Tanveer Vala,paiqushi@example.org,2024-06-14,REGULAR
155,Darika Bath,meghabhakta@example.org,2024-03-20,REGULAR
156,Laksh Kumer,falak10@example.com,2025-11-04,REGULAR
157,Kai Rai,xitipandya@example.org,2024-10-17,REGULAR
158,Rajata Bahl,ubrahmbhatt@example.net,2024-11-21,REGULAR
159,Omisha Mann,ravelansh@example.com,2024-02-13,REGULAR
160,Janaki Chakrabarti,pcherian@example.com,2025-05-15,REGULAR
161,Meghana Mukherjee,timothy52@example.org,2025-02-18,REGULAR
162,Yashvi Hari,indali23@example.org,2024-01-16,REGULAR
163,Oscar Dua,goelwakeeta@example.com,2025-11-12,REGULAR
164,Ekantika Mutti,riabir@example.com,2024-12-05,VIP
165,Anvi Bhalla,yashica14@example.com,2024-12-16,PREMIUM
166,Jyoti Mangat,chanayashica@example.com,2024-12-28,REGULAR
167,Shivani Guha,vamakshi82@example.org,2024-12-14,REGULAR
168,Frado Thaman,balveerkota@example.net,2024-11-30,REGULAR
169,Nathan Patla,barkha66@example.com,2025-08-22,REGULAR
170,Gaurika Bhatti,girindra86@example.com,2024-05-11,REGULAR
171,Gauri Bumb,inayamukherjee@example.net,2025-09-12,VIP
172,Kai Chad,krisha52@example.net,2025-09-17,REGULAR
173,Pallavi Trivedi,andrew54@example.org,2026-06-16,REGULAR
174,Vedika Handa,lakshdubey@example.org,2024-06-28,PREMIUM
175,Yashica Zacharia,nayarkaran@example.net,2024-09-24,PREMIUM
176,Pratyush Gandhi,abassi@example.com,2025-08-19,REGULAR
177,Sachi Mane,ikaur@example.org,2024-07-13,REGULAR
178,Rishi Pillai,xshenoy@example.com,2025-12-08,REGULAR
179,Neel Iyengar,zashilben@example.net,2025-01-16,REGULAR
180,Harshil Varty,manefiyaz@example.org,2024-06-02,REGULAR
181,Rajeshri Chand,shravyapalla@example.org,2024-11-05,PREMIUM
182,Yadavi Prakash,libnibumb@example.com,2024-04-11,REGULAR
183,Hardik Nayak,lakshbarad@example.com,2026-05-10,VIP
184,Liam Singh,fahluwalia@example.org,2024-05-15,REGULAR
185,Pallavi Choudhry,wazir41@example.org,2024-04-26,REGULAR
186,Dev Choudhry,bwason@example.net,2025-02-23,REGULAR
187,Maanas Manne,nagarwal@example.com,2024-04-28,PREMIUM
188,Rachit Chada,ekansh88@example.net,2025-12-17,REGULAR
189,Madhavi Singhal,ramkashvi@example.com,2025-11-05,REGULAR
190,Ekansh Pai,hemangnatarajan@example.org,2023-09-26,REGULAR
191,Parth Shetty,zgopal@example.org,2023-10-17,REGULAR
192,Balhaar Memon,calebiyengar@example.org,2024-07-19,REGULAR
193,Yutika Rao,ckulkarni@example.net,2024-03-05,REGULAR
194,Champak Narula,jeet56@example.com,2025-10-31,VIP
195,Harinakshi Grover,xtankexample.net,2024-05-27,REGULAR
196,Panini Brar,igole@example.com,2024-07-26,PREMIUM
197,Falak Merchant,sanaya96@example.org,2025-09-02,REGULAR
198,Sanya Basak,radhika40@example.org,2025-08-13,REGULAR
199,Januja Varghese,azaandhar@example.net,2025-08-21,VIP
200,Bakhshi Date,keerjeevika@example.com,2024-10-01,PREMIUM
201,Mitesh Sengupta,kamya71@example.net,2024-01-06,VIP
202,Mitali Murthy,zaid10@example.net,2024-02-28,VIP
203,Jacob Lala,sanaya39@example.com,2025-09-07,PREMIUM
204,Ryan Das,ethanseth@example.org,2026-04-19,REGULAR
205,Gagan Nagarajan,dhruv88@example.com,2026-04-11,REGULAR
206,Owen Pathak,jairajiyer@example.org,2024-04-24,REGULAR
207,Atharv Patel,unni82@example.net,2026-04-04,REGULAR
208,Dayamai Rao,avora@example.com,2026-01-27,REGULAR
209,Jeremiah Nadig,senguptaunnati@example.net,2025-02-26,REGULAR
210,Qabil Dayal,dthakkar@example.org,2025-02-26,VIP
211,Nitesh Edwin,umang58@example.com,2026-02-21,REGULAR
212,Ronith Maharaj,chavviwalla@example.org,2025-02-09,PREMIUM
213,Mitesh Garg,benjamin01@example.org,2026-06-13,REGULAR
214,Shivansh Saha,tankbimala@example.net,2026-06-22,REGULAR
215,Yash Ravi,sudiksha10@example.org,2024-12-02,VIP
216,Ucchal Jani,maanas55@example.net,2026-07-26,VIP
217,Mohini De,yutika81@example.com,2024-04-29,REGULAR
218,Amara Sengupta,lohitchatterjeeexample.org,2024-06-22,PREMIUM
219,Omya Kothari,falakmunshi@example.org,2025-11-22,REGULAR
220,Yutika Sibal,fmorar@example.org,2023-11-15,REGULAR
221,Yashasvi Shankar,tanveerpandit@example.org,2023-10-03,VIP
222,Upma Mangal,chokshiraagini@example.org,2026-04-02,REGULAR
223,Neha Pau,rattancharan@example.net,2025-04-15,REGULAR
224,Bhavya Borah,cthaman@example.net,2024-06-10,PREMIUM
225,Kabir Chatterjee,yprakash@example.com,2025-04-11,REGULAR
226,Maanas Issac,ctella@example.org,2023-09-20,REGULAR
227,Urvi Venkataraman,mdixit@example.net,2024-01-09,REGULAR
228,Nicholas Ramaswamy,gayathri88@example.net,2025-01-26,PREMIUM
229,Vaishnavi Badal,garima16@example.net,2024-07-11,REGULAR
230,Urvi Lanka,charansrinivasan@example.org,2025-03-05,VIP
231,Manbir Kibe,choudharyrayaan@example.org,2024-12-04,REGULAR
232,Max Sachar,nirjathaker@example.net,2026-05-13,REGULAR
233,Lakshit Venkataraman,ektasridhar@example.net,2024-09-24,REGULAR
234,Tripti Walia,irya49@example.com,2024-03-06,REGULAR
235,Arya Misra,chamelimani@example.net,2024-03-23,REGULAR
236,Edhitha Srinivasan,anusha41@example.net,2025-08-19,REGULAR
237,Megha Pai,binabasak@example.com,2026-06-21,PREMIUM
238,Hiral Sathe,varenya33@example.net,2024-06-01,REGULAR
239,Laksh Chopra,xavierbedi@example.net,2026-04-27,REGULAR
240,Viraj Ben,sachdevganga@example.net,2025-01-07,REGULAR
241,Abdul Dugar,esoni@example.net,2024-03-14,REGULAR
242,Ekani Mangal,chakrabortyvincent@example.net,2025-10-26,REGULAR
243,Parth Sahni,balhaarranganathan@example.com,2024-02-29,REGULAR
244,Baljiwan Andra,hredhaan54@example.com,2026-07-28,VIP
245,Krish Thaman,mmahajan@example.org,2024-08-05,REGULAR
246,Aarini Grewal,nazarethchakrika@example.net,2025-08-17,PREMIUM
247,Parth Ravi,uvarma@example.org,2024-10-21,REGULAR
248,Qasim Dey,pnaik@example.org,2024-05-20,REGULAR
249,Sanya Loke,chasmum99@example.org,2024-05-21,REGULAR
250,Warinder Bhatia,shroffdamyanti@example.org,2024-10-26,REGULAR
251,Jacob Merchant,timothy32@example.com,2024-01-23,REGULAR
252,Ojasvi Sinha,yugbumb@example.net,2024-12-10,PREMIUM
253,Faras Choudhury,tiwarisamaksh@example.net,2025-03-19,REGULAR
254,Falak Venkatesh,rdada@example.org,2025-10-02,REGULAR
255,Gavin Uppal,dbhakta@example.org,2025-02-21,VIP
256,Dalbir Shere,anthony64@example.org,2025-11-03,VIP
257,Chakradev Sampath,devansh80@example.org,2026-07-24,REGULAR
258,Azad Mangat,xgole@example.org,2025-11-25,REGULAR
259,Kavya Raja,ypurohit@example.org,2025-08-26,REGULAR
260,Ijaya Dani,mayawadhwa@example.org,2025-10-14,VIP
261,Aarush Bajaj,ubika86@example.net,2024-09-27,PREMIUM
262,Yug Sharma,mohammed43@example.net,2025-11-24,PREMIUM
263,Oni Babu,samuelbhavsar@example.org,2025-05-20,REGULAR
264,Chanakya Konda,rattireva@example.org,2025-03-22,REGULAR
265,Logan Thakur,vivaan95@example.net,2025-05-25,PREMIUM
266,Warjas Mittal,timothysachdev@example.com,2024-06-05,PREMIUM
267,Prisha Tandon,padmanabhanlakshmi@example.net,2024-07-23,REGULAR
268,Nilima Dixit,krisha28@example.com,2024-04-29,VIP
269,Charita Dhawan,jbhardwaj@example.com,2026-07-04,REGULAR
270,Lipika Kibe,samar51@example.com,2026-02-22,REGULAR
271,Rayaan Behl,krishna99@example.org,2026-03-23,PREMIUM
272,Teerth Srinivas,gaurangimitter@example.org,2024-03-28,REGULAR
273,Jacob Srinivas,samarthranganathan@example.org,2025-04-05,REGULAR
274,Lajita Shukla,darika45@example.net,2026-04-02,VIP
275,Guneet Singh,samar55@example.com,2023-09-28,REGULAR
276,Madhav Babu,omisha42@example.org,2024-08-04,REGULAR
277,Yatan Tata,aarini77@example.com,2024-02-09,REGULAR
278,Omkaar Dey,igour@example.net,2026-06-23,REGULAR
279,Falan Bava,sacharlaksh@example.net,2024-04-18,REGULAR
280,Aditya Kamdar,dprakash@example.net,2025-07-07,REGULAR
281,Vinaya Babu,walinisha@example.org,2023-08-27,PREMIUM
282,Bhavini Badal,ggola@example.org,2025-03-05,REGULAR
283,Rehaan Vyas,irya46example.org,2024-09-20,REGULAR
284,Tripti Kohli,charitabuch@example.net,2026-07-30,REGULAR
285,Girik Ravi,jpurohit@example.com,2023-10-09,REGULAR
286,Onveer Butala,psaraf@example.com,2025-04-20,VIP
287,Brijesh Karpe,vaishnavimadan@example.org,2026-05-17,PREMIUM
288,Bachittar Gola,amol39@example.org,2025-11-10,REGULAR
289,Faraj Mistry,wrideshramachandran@example.net,2026-04-17,REGULAR
290,Leena Dey,tellahiral@example.org,2023-11-24,REGULAR
291,Faqid Oak,bnarain@example.net,2024-06-03,REGULAR
292,Vritti Kari,keya62@example.net,2025-05-12,PREMIUM
293,Frederick Merchant,ethanbutala@example.com,2024-01-25,REGULAR
294,Lopa Nadig,hredhaan10@example.com,2024-12-08,REGULAR
295,Harsh Deo,groverraagini@example.com,2025-04-10,PREMIUM
296,Harshil Bal,pandyagirik@example.net,2025-05-25,REGULAR
297,Lekha Arora,odika61@example.net,2026-04-22,REGULAR
298,Omkaar Rai,liamluthra@example.com,2024-05-29,REGULAR
299,Dev Ganesh,amajumdar@example.com,2025-01-20,REGULAR
300,Jalsa Krishnamurthy,warhihayre@example.com,2023-12-04,PREMIUM
301,Abeer Randhawa,lajita57@example.com,2024-11-22,VIP
302,Charita Nagi,varenyamurthy@example.org,2026-07-01,REGULAR
303,Bishakha Swaminathan,eshanapuri@example.com,2026-01-19,PREMIUM
304,Janya Comar,pranitbala@example.net,2024-12-26,REGULAR
305,Raksha Manne,regexalak@example.org,2025-07-03,REGULAR
306,Zayyan Dube,epurohit@example.com,2026-07-29,REGULAR
307,Nandini Warrior,ybansal@example.com,2025-09-15,REGULAR
308,Ikbal Kothari,ojas90@example.net,2026-07-22,PREMIUM
309,Garima Sani,anneguneet@example.com,2024-04-08,PREMIUM
310,Sanaya Prasad,xsheth@example.net,2025-05-15,PREMIUM
311,Hemani Bakshi,scheema@example.com,2026-05-13,PREMIUM
312,Jack Dhar,devika57@example.org,2025-03-02,REGULAR
313,Vamakshi Chatterjee,usethi@example.org,2024-07-03,REGULAR
314,Arin Oza,galayagnesh@example.net,2024-02-16,REGULAR
315,Ganga Sandhu,zkata@example.com,2025-06-29,PREMIUM
316,Rachana Randhawa,horashivani@example.net,2024-11-21,PREMIUM
317,Tanish Jha,dev91@example.net,2024-02-29,REGULAR
318,Ronith Shankar,lalavrishti@example.net,2026-07-02,REGULAR
319,Lipika Ramanathan,pallindira@example.com,2025-06-15,REGULAR
320,Frado Desai,jacob34@example.org,2024-02-25,VIP
321,Yasti Rama,kdevi@example.com,2024-11-14,PREMIUM
322,Oscar Ganesan,imani@example.org,2024-07-18,VIP
323,Chatresh Parmer,sundaramlaban@example.org,2026-01-18,PREMIUM
324,Nilima Swamy,fsawhney@example.org,2023-11-07,PREMIUM
325,Thomas Master,maharajumang@example.net,2024-06-20,REGULAR
326,Warhi Vaidya,comaramrita@example.net,2026-01-27,PREMIUM
327,Benjamin Sastry,pavanichaudry@example.net,2026-02-03,REGULAR
328,Chameli Bali,wlall@example.org,2024-12-02,VIP
329,Warjas Kadakia,priya29@example.org,2025-12-16,PREMIUM
330,Daniel Panchal,om54@example.com,2025-04-27,PREMIUM
331,Krishna Sabharwal,malhotrajonathan@example.net,2026-03-15,PREMIUM
332,Madhav Nagy,mayasuri@example.org,2025-05-02,REGULAR
333,Oeshi Prashad,oborra@example.org,2024-10-23,PREMIUM
334,Jyoti Sha,lnarang@example.org,2026-03-18,REGULAR
335,Tara Parmar,warriormitali@example.org,2026-07-05,PREMIUM
336,Warda Loyal,bhanumati58@example.net,2023-12-30,PREMIUM
337,Hemal Bava,chaudharytripti@example.org,2023-12-23,REGULAR
338,Ridhi Shan,sanghasamaksh@example.net,2026-05-01,PREMIUM
339,Nathan Mahal,patelzashil@example.org,2024-09-19,REGULAR
340,Charles Randhawa,vivaan61@example.net,2023-11-21,REGULAR
341,Vansha Brahmbhatt,upkaarvenkataraman@example.net,2024-12-08,PREMIUM
342,Hemal Dara,edeo@example.org,2024-04-15,REGULAR
343,Harsh Chauhan,jhalak42@example.com,2025-12-03,REGULAR
344,Luke Biswas,galaria@example.com,2025-10-08,REGULAR
345,Nisha Savant,gabrielchaudhry@example.org,2025-11-10,REGULAR
346,Indali Sanghvi,logan34@example.net,2023-11-09,PREMIUM
347,Avi Mitra,zarnaupadhyay@example.org,2025-11-05,VIP
348,Chatura Khatri,hraju@example.org,2025-02-06,REGULAR
349,Advik Patel,kevin69@example.com,2024-09-12,REGULAR
350,Urishilla Bora,birakshay@example.com,2024-04-01,REGULAR
351,Mitali Toor,yachana66@example.net,2024-10-22,VIP
352,Arunima Chacko,farhan83@example.org,2025-03-18,REGULAR
353,Dominic Mukherjee,dkhare@example.org,2023-11-11,VIP
354,Jack Setty,moreparth@example.org,2023-08-22,REGULAR
355,Advay Gade,hpalan@example.net,2025-12-14,VIP
356,Ojas Prabhu,amrutadalal@example.org,2024-08-10,REGULAR
357,Anita Viswanathan,lallfaraj@example.com,2024-12-19,VIP
358,Christopher Tata,jhalakdugar@example.com,2025-12-03,REGULAR
359,Vedant Upadhyay,basuadvik@example.org,2023-09-28,REGULAR
360,Leela Doctor,balendrasaini@example.org,2024-07-26,REGULAR
361,Ekaja Madan,pradhanjagdish@example.net,2025-08-15,PREMIUM
362,Praneel Kapoor,rattanekapad@example.com,2026-03-15,REGULAR
363,Falak Chadha,xanand@example.org,2024-06-23,REGULAR
364,Xavier Shetty,wakeeta38@example.org,2024-01-21,REGULAR
365,Arjun Kaul,aditya50@example.net,2024-09-24,REGULAR
366,Hemang Jha,oniswamy@example.org,2026-07-09,REGULAR
367,Ati Chander,katazinal@example.com,2025-09-15,REGULAR
368,Tara Chad,tiwarikiaanexample.net,2026-01-23,PREMIUM
369,David Saran,warjasmanne@example.com,2026-02-26,REGULAR
370,Eta Nadkarni,omagar@example.org,2026-06-08,VIP
371,Ikbal Dugal,galashivani@example.com,2024-07-18,REGULAR
372,Ishita Johal,dmorar@example.com,2026-02-28,PREMIUM
373,Nakul Modi,kalefalak@example.org,2023-11-16,PREMIUM
374,Ishani Randhawa,mistryabha@example.org,2023-09-12,REGULAR
375,Sneha Krish,shereharsh@example.org,2023-12-20,REGULAR
376,Tristan De,nandinipradhan@example.net,2025-06-29,REGULAR
377,Aashi Borde,bhattacharyyarudra.com,2024-12-07,REGULAR
378,George Narula,basaktriya@example.org,2024-02-09,REGULAR
379,Megha Taneja,rajapooja@example.org,2024-08-30,REGULAR
380,Anvi Mammen,cdixit@example.net,2025-06-17,PREMIUM
381,Chakrika Tara,dsrinivas@example.org,2024-06-10,PREMIUM
382,Oni Iyengar,anirudhraja@example.net,2024-09-05,REGULAR
383,Hemangini Thakkar,lipika42@example.org,2024-07-23,REGULAR
384,Ayushman Mand,sodhiishita@example.net,2026-08-08,REGULAR
385,Harish Kota,amairawalla@example.net,2023-10-09,REGULAR
386,Lipika Pant,patrickkhalsa@example.net,2024-07-22,REGULAR
387,Ayaan Pandey,raghavtailor@example.net,2024-07-12,REGULAR
388,Baljiwan Chana,kaultheodore@example.org,2025-03-07,REGULAR
389,Garima Jaggi,harinigoel@example.com,2023-10-13,VIP
390,Lucky Choudhry,elijah56@example.net,2023-11-27,REGULAR
391,Ekantika Deshpande,rajeshrisur@example.net,2024-07-21,VIP
392,Udant Gill,umohanty@example.net,2024-06-26,REGULAR
393,Aarav Raman,gopaleesha@example.net,2024-04-07,REGULAR
394,Watika Dhaliwal,faras35@example.com,2024-02-09,REGULAR
395,Gautami Sekhon,lankashaurya@example.org,2025-09-06,REGULAR
396,Aahana Chokshi,bavalibni@example.com,2025-10-19,REGULAR
397,Odika Tailor,ipanchal@example.com,2023-11-28,REGULAR
398,Umang Gaba,zborah@example.org,2024-06-27,REGULAR
399,Advika Cheema,oommenonkar@example.com,2024-02-01,REGULAR
400,Girik Nigam,bbalasubramanian@example.net,2024-02-05,REGULAR
401,Naksh Bera,narulasamesh@example.org,2024-10-30,REGULAR
402,Baghyawati Mishra,gopalbawa@example.com,2025-04-26,REGULAR
403,Mitesh Bhagat,aarush61@example.com,2026-01-27,REGULAR
404,Ryan Chatterjee,jhaverionkar@example.net,2024-06-23,VIP
405,Urvashi D’Alia,mitali77@example.net,2024-05-25,PREMIUM
406,Qasim Prabhakar,lpingle@example.com,2023-09-26,REGULAR
407,Udyati Lall,amrutabhatia@example.org,2025-11-10,REGULAR
408,Frederick Padmanabhan,jkaran.com,2026-02-15,REGULAR
409,Vaishnavi Keer,fmistry@example.com,2026-04-24,REGULAR
410,Yadavi Varughese,jaisen@example.org,2026-06-14,REGULAR
411,Siddharth Hans,brijeshsampath@example.org,2026-07-27,PREMIUM
412,Saksham Divan,ekaja11@example.com,2025-04-09,PREMIUM
413,Anya Venkatesh,yarora@example.net,2025-06-21,REGULAR
414,Isaiah Sachdeva,manbirchaudhry@example.org,2025-04-16,REGULAR
415,Bhavika Wason,nirja46@example.net,2025-01-22,REGULAR
416,Baljiwan Gera,neha29@example.net,2025-08-24,REGULAR
417,Balvan Randhawa,wazir07@example.com,2026-04-18,REGULAR
418,Geetika Mitter,avni71@example.org,2024-01-03,REGULAR
419,Ekani Luthra,mchakraborty@example.com,2024-03-27,PREMIUM
420,Vedhika Varty,daksh82@example.org,2024-07-14,REGULAR
421,Krishna Viswanathan,ghosereyansh@example.org,2026-02-11,REGULAR
422,Bachittar Shan,patelrushil@example.com,2024-09-15,REGULAR
423,Yashasvi Ranganathan,balasubramanianwyatt@example.com,2025-01-25,REGULAR
424,Peter Som,hemangini24@example.net,2026-02-04,REGULAR
425,Bhavani Bala,kbawa@example.net,2025-12-10,REGULAR
426,Timothy Kar,amrutarout@example.net,2023-08-30,REGULAR
427,Urvi Deo,abhiramkapur@example.com,2025-06-05,REGULAR
428,Anvi Sampath,dpalla@example.com,2024-04-04,REGULAR
429,Mekhala Chaudry,vaidyakavya@example.net,2025-07-18,PREMIUM
430,Chanchal Chokshi,vbhatt@example.com,2025-07-11,PREMIUM
431,Advika Misra,masonvarughese@example.org,2026-04-21,REGULAR
432,Ekaja Dey,tankchakrika@example.com,2026-04-28,REGULAR
433,Lipika Banik,hemalkapadia@example.net,2025-03-16,REGULAR
434,Jagrati Tripathi,onkar82@example.com,2023-11-23,VIP
435,Aarna Goswami,gaurav35@example.org,2025-11-01,REGULAR
436,Osha Narula,abha94@example.com,2026-02-26,REGULAR
437,Chatresh Bobal,ghayer@example.org,2026-03-16,REGULAR
438,Chanchal Sachdev,doralaksh@example.org,2024-08-18,PREMIUM
439,Luke Mutti,farissura@example.com,2025-06-30,REGULAR
440,Dhriti Bhardwaj,sethanusha@example.org,2025-11-20,PREMIUM
441,Nathan Suri,dayalradha@example.net,2024-11-21,REGULAR
442,Vansha Rajagopal,baradryan@example.net,2024-09-20,VIP
443,Ekanta Wali,andrewagrawal@example.net,2025-10-21,REGULAR
444,Hemangini Muni,harshilrajagopal@example.net,2025-05-15,VIP
445,Dhruv Bath,bina78@example.net,2025-03-05,PREMIUM
446,Krish Oommen,wparmer@example.org,2024-02-05,REGULAR
447,Anirudh Kari,karankakar@example.net,2023-09-02,PREMIUM
448,Jatin Peri,prashadaadhya@example.net,2025-06-21,REGULAR
449,Hritik Bahri,daliaomaja@example.com,2024-09-28,PREMIUM
450,Urvi Dua,adityamitra@example.com,2025-08-03,REGULAR
451,Laksh Sahota,vaidyajacob@example.com,2023-12-11,PREMIUM
452,Widisha Issac,adyavirk@example.org,2024-09-04,PREMIUM
453,Chakrika Dyal,tanejasarthak@example.net,2026-05-27,REGULAR
454,Wahab Agate,chakrabortyindrajit@example.net,2025-08-11,REGULAR
455,Gautam Vaidya,chaudhuriaahana@example.net,2024-04-18,REGULAR
456,Aishani Shetty,chaudhryowen@example.org,2026-02-28,REGULAR
457,Dhriti Sandhu,chandranchakradev@example.org,2026-02-27,PREMIUM
458,Falguni Parmar,uloyal@example.org,2024-09-20,REGULAR
459,Qadim Comar,dratta@example.com,2026-02-09,REGULAR
460,Oviya Ganesan,deodaniel@example.org,2023-11-30,REGULAR
461,Raksha Golla,nparmer@example.org,2026-03-11,REGULAR
462,Vasudha Sura,sabharwalridhi@example.org,2023-10-17,REGULAR
463,Advik Vohra,hamsinivenkataraman@example.net,2025-09-01,REGULAR
464,Rachita Kothari,qpal@example.net,2025-07-11,REGULAR
465,Chatura Apte,yashasvisingh@example.com,2026-03-18,REGULAR
466,Vyanjana Nagi,gangamall@,2025-02-14,REGULAR
467,Neha Keer,sharafsachi@example.net,2024-12-12,REGULAR
468,Sanya Mutti,tankandrew@example.org,2024-10-24,REGULAR
469,Aadi Chand,yashoda83@example.net,2025-08-13,PREMIUM
470,Januja Bhagat,suhaninarula@example.net,2025-11-27,REGULAR
471,Januja Sethi,chatterjeetristan@example.org,2024-08-17,REGULAR
472,Kashvi Cherian,galawaida@example.org,2026-01-25,REGULAR
473,Hredhaan Kumar,raghavdara@example.com,2024-04-01,REGULAR
474,Hamsini Chokshi,obatra@example.net,2025-05-15,REGULAR
475,Tanvi Thaman,wishiagrawal@example.net,2025-10-23,REGULAR
476,Vasudha Trivedi,oscardave@example.org,2024-10-06,VIP
477,Yamini Rajagopalan,rkothari@example.com,2026-06-30,REGULAR
478,Sneha Deol,nitaravala@example.com,2026-02-18,REGULAR
479,Teerth Iyer,binapai@example.net,2024-01-01,PREMIUM
480,Yahvi Naidu,pandeyvarsha@example.net,2025-04-25,PREMIUM
481,Bhavika Sami,virkhredhaan@example.org,2024-09-29,REGULAR
482,Daksh Iyengar,naveen44@example.org,2026-02-13,REGULAR
483,Samar Bali,sneha19@example.net,2025-10-27,REGULAR
484,Lopa Khanna,champak66@example.com,2026-06-22,PREMIUM
485,Chatura Arya,samaksh97@example.org,2026-05-03,PREMIUM
486,Ronith Hari,saumya21@example.org,2026-06-28,VIP
487,Krishna Baria,jmallick@example.com,2023-12-29,REGULAR
488,Abdul Narayanan,cdubey@example.org,2026-05-22,PREMIUM
489,Charvi Swaminathan,elijah58@example.org,2026-06-22,REGULAR
490,Yashasvi Dutta,zyadav@example.org,2024-08-25,REGULAR
491,Garima Narula,chaaya39@example.net,2025-01-10,REGULAR
492,Ishwar Pal,pkhosla@example.net,2026-05-11,REGULAR
493,Balveer Nagi,ycomar@example.com,2025-03-23,REGULAR
494,Aryan Varughese,yoshita87@example.com,2023-09-26,REGULAR
495,Ekani Varkey,charoliver@example.net,2025-03-15,REGULAR
496,Shivansh Kala,nchawla@example.net,2026-02-02,REGULAR
497,Ekbal Dube,sharafgarima@example.org,2023-11-12,REGULAR
498,Pranav Krishnamurthy,kariaarna@example.com,2024-10-07,REGULAR
499,Rachita Mutti,ramachandranjagat@example.net,2023-08-15,REGULAR
500,Chakradev Bora,yadavi14@example.net,2024-07-04,REGULAR
501,Baghyawati Sarma,qrana@example.org,2025-01-09,REGULAR
502,Laban Raman,maanas45@example.org,2025-04-06,REGULAR
503,Jatin Barman,rameshfrederick@example.com,2024-03-26,REGULAR
504,Siddharth Sachar,naveengour@example.org,2025-06-15,REGULAR
505,Rishi Contractor,chaturashenoy@example.net,2025-04-02,REGULAR
506,Ekalinga Krishna,horavidhi@example.com,2024-09-03,REGULAR
507,Harish Mane,harieesha@example.com,2024-12-14,REGULAR
508,Michael Patla,priya20@example.com,2024-05-04,REGULAR
509,Rajata Malhotra,krish57@example.com,2024-12-09,REGULAR
510,Vidhi Chopra,finnmand@example.org,2026-04-11,REGULAR
511,Adya Bose,bahlyashica@example.net,2023-09-12,REGULAR
512,Simon Bansal,urmi25@example.com,2024-04-09,REGULAR
513,Krish Shetty,ranganathanjanuja@example.net,2023-08-20,PREMIUM
514,Noah Varkey,sanayadutta@example.org,2025-04-20,REGULAR
515,Veda Parmer,kandavinaya@example.org,2023-10-16,PREMIUM
516,Vivaan Basak,zarnapatel@example.com,2025-01-04,PREMIUM
517,Chakradhar Baral,harshil84@example.net,2024-05-23,REGULAR
518,Krisha Radhakrishnan,faras84@example.com,2026-07-10,REGULAR
519,Zaitra Ravi,hemani77@example.net,2023-08-16,REGULAR
520,Ria Gandhi,farajvarkey@example.net,2024-06-11,REGULAR
521,Rachit Dugar,jagat36@example.com,2025-10-06,VIP
522,Varenya Srinivas,neelroy@example.org,2024-05-02,REGULAR
523,Naveen Desai,dindaksh@example.org,2024-05-18,REGULAR
524,Zansi Ravi,manderfrederick@example.org,2024-12-13,PREMIUM
525,Vasatika Garde,nirjadhar@example.net,2026-01-24,REGULAR
526,Yasti Lalla,hemasetty@example.net,2025-05-17,PREMIUM
527,Kritika Rajan,ikbalbabu@example.org,2025-03-03,VIP
528,Mason Char,vamakshibarad@example.net,2025-02-10,REGULAR
529,Girik Subramaniam,aaravsankar@example.net,2024-11-12,REGULAR
530,Pushti Karnik,wraj@example.net,2026-01-06,REGULAR
531,Pavani Desai,vansha31@example.com,2025-05-25,REGULAR
532,Aarini Gulati,amblejacob@example.net,2023-08-16,REGULAR
533,Diya Rege,hredhaan26@example.net,2025-05-11,REGULAR
534,Pallavi Pau,mekhala36@example.net,2025-12-15,REGULAR
535,Praneel Prabhakar,tkulkarni@example.net,2024-08-20,REGULAR
536,Lakshit Dani,sanyaedwin@example.org,2024-03-31,PREMIUM
537,Hamsini Ben,lopaahluwalia@example.org,2026-01-27,REGULAR
538,Radhika Chakrabarti,lalltristan@example.com,2023-11-04,REGULAR
539,Leena Rattan,dakshesh27@example.com,2023-08-20,PREMIUM
540,Robert Bandi,omkaarbanik@example.com,2024-04-27,REGULAR
541,Nakul Chadha,mugdha56@example.com,2025-05-12,PREMIUM
542,Ekapad Chana,ijaya54@example.org,2025-06-03,VIP
543,Suhani Raval,lalparth@example.com,2025-02-13,REGULAR
544,Yahvi Menon,jackson84@example.net,2026-01-16,REGULAR
545,Saanvi Purohit,wkohli@example.com,2026-06-27,REGULAR
546,Triveni Bala,qdada@example.org,2024-10-01,REGULAR
547,Victor Mutti,hpandit@example.net,2023-08-19,VIP
548,Yuvraj Mani,rastogihema@example.org,2025-04-07,REGULAR
549,Vamakshi Murthy,tejas94@example.org,2026-06-12,PREMIUM
550,Wishi Iyengar,wyattlanka@example.org,2024-04-16,REGULAR
551,Ishani Dugal,darfarhan@example.net,2026-06-21,REGULAR
552,Abeer Basak,nprabhu@example.com,2025-01-29,REGULAR
553,Vritti Goswami,mitali39@example.org,2023-10-07,REGULAR
554,Vanya Zachariah,thakkaridika@example.com,2026-03-08,PREMIUM
555,Tanvi Dara,smutti@example.org,2023-08-21,PREMIUM
556,Ladli Chaudhuri,janaki94@example.org,2025-04-01,REGULAR
557,Amruta Sinha,jasmit27@example.com,2024-03-26,REGULAR
558,Janya Rattan,shravya29example.org,2026-07-17,VIP
559,Harish Madan,rachanaraj@example.org,2024-01-15,PREMIUM
560,Urvashi Andra,oviyatata@example.org,2026-08-04,REGULAR
561,Vidhi Mital,champak61@example.net,2024-02-04,REGULAR
562,Aachal Soni,senguptagaurika@example.com,2024-09-07,REGULAR
563,Hemangini Bahri,wdara@example.net,2026-06-29,REGULAR
564,Owen Mane,ekta87@example.net,2024-12-10,REGULAR
565,Lakshmi Mangat,kdhillon@example.net,2026-01-10,PREMIUM
566,Oviya Ravel,buchneel@example.com,2024-04-15,PREMIUM
567,Bishakha Loke,cmadan@example.com,2025-11-05,REGULAR
568,Odika Ganesh,arindass@example.net,2024-04-22,VIP
569,Fariq Kade,mekhalachauhan@example.org,2023-10-17,REGULAR
570,Chatura Bal,wviswanathan@example.org,2023-11-30,PREMIUM
571,Frado Ramakrishnan,veer34@example.com,2025-06-25,PREMIUM
572,Onkar Balakrishnan,parikheshana@example.com,2025-01-02,REGULAR
573,Sai Deshmukh,tanmayisaran@example.net,2025-07-10,PREMIUM
574,Idika Subramaniam,gauravsathe@example.com,2024-09-12,VIP
575,Nachiket Mitter,acharyalaban@example.com,2024-06-18,REGULAR
576,Vyanjana Sood,aditya64@example.net,2024-04-18,PREMIUM
577,Kashvi Gulati,zsarkar@example.org,2024-02-03,REGULAR
578,Kritika Kannan,fariq63@example.net,2025-11-23,REGULAR
579,Bhavani Wali,nitara31@example.org,2024-01-05,REGULAR
580,Tamanna Sethi,vyanjana35@example.org,2024-01-22,PREMIUM
581,Quincy Chaudry,amruta27@example.net,2023-08-17,REGULAR
582,Matthew Aurora,vkalla@example.com,2024-07-15,PREMIUM
583,Kamya Sheth,narayananfaris@example.org,2023-10-09,PREMIUM
584,Ekbal Singhal,rehaankrishna@example.com,2026-02-01,REGULAR
585,Yuvraj Rajan,vkota@example.org,2024-03-14,PREMIUM
586,Sathvik Solanki,umuni@example.org,2025-06-28,REGULAR
587,Jason Kulkarni,mmisra@example.com,2026-04-07,REGULAR
588,Isaiah Keer,anair@example.org,2025-12-26,REGULAR
589,Meghana Kibe,basakvaishnavi@example.net,2025-05-23,REGULAR
590,Gaurav Kothari,xalakchand@example.net,2025-06-17,REGULAR
591,Darpan Parekh,hredhaandass@example.com,2024-04-20,PREMIUM
592,Reva Hans,purohitishita@example.net,2024-01-03,REGULAR
593,Vedhika Sarma,vrishti39@example.org,2025-03-26,REGULAR
594,Upadhriti Maharaj,ekapadwali@example.org,2024-12-13,PREMIUM
595,Jeevika Setty,toorladli@example.net,2024-02-28,REGULAR
596,Januja Khare,dev86@example.org,2025-03-05,PREMIUM
597,Mitesh Mandal,nimrat51@example.org,2025-03-04,PREMIUM
598,Caleb Dayal,azadjaggi@example.org,2025-01-21,REGULAR
599,Azad Rama,nvora@example.net,2025-05-16,REGULAR
600,Jeevika Kant,aryasathvik@example.net,2025-01-28,VIP
601,Upadhriti Bhat,ojasvi50@example.net,2024-05-26,REGULAR
602,Ekavir Modi,kalitazilmil@example.org,2023-11-27,PREMIUM
603,Lekha Gupta,yuvrajgola@example.net,2025-11-07,REGULAR
604,Hitesh Parmar,gsane@example.org,2025-12-24,PREMIUM
605,Yamini Nazareth,saanvipandey@example.com,2025-04-02,REGULAR
606,Kamya Sachar,mnaik@example.org,2025-04-17,REGULAR
607,Keya Kumar,sneha76@example.org,2025-10-13,REGULAR
608,Amol Vasa,chasmumahuja@example.com,2026-07-22,PREMIUM
609,Divya Bains,yasti89@example.net,2024-01-25,REGULAR
610,Triveni Parekh,lakshitlanka@example.com,2026-04-10,REGULAR
611,Viraj Kunda,george96@example.net,2026-05-10,REGULAR
612,Ekta Subramanian,vinayachandran@example.net,2025-07-12,REGULAR
613,Lakshmi Brar,nattijaya@example.com,2024-11-07,REGULAR
614,Utkarsh Apte,tbhagat@example.net,2023-09-23,REGULAR
615,Eta Thakkar,michaelbedi@example.net,2025-10-18,REGULAR
616,Sanaya Thaman,kapadiarachana@example.com,2025-12-17,REGULAR
617,Kevin Nayar,sonichandran@example.net,2024-10-19,PREMIUM
618,Mohini Thaker,wde@example.org,2025-01-17,REGULAR
619,Vinaya Rana,yatinkibe@example.org,2024-05-26,PREMIUM
620,Ekiya Chakraborty,sachdevpallavi@example.com,2024-08-24,REGULAR
621,Hemangini Bajwa,omkaar59@example.com,2025-06-22,REGULAR
622,Chaitanya Kaur,kashvidugal@example.net,2026-02-28,REGULAR
623,Chatura Kibe,bhavnaatwal@example.com,2025-09-07,REGULAR
624,Dalaja Sengupta,vbajaj@example.org,2025-10-28,REGULAR
625,Samar Virk,vasudha92@example.net,2025-09-12,REGULAR
626,Krisha Vyas,kumeronkar@example.org,2024-06-15,PREMIUM
627,Chatresh Shroff,bhavsarlipika@example.net,2024-06-01,REGULAR
628,Hritik Bahl,libni36@example.net,2026-07-14,REGULAR
629,Diya Sundaram,grewalrushil@example.net,2026-07-03,REGULAR
630,Balveer Kota,gauri76@example.net,2024-01-28,PREMIUM
631,Indira Pant,warinder84@example.org,2025-06-24,VIP
632,Ayushman Mammen,maxom@example.com,2025-07-28,REGULAR
633,Lavanya Verma,omishakhosla@example.net,2024-01-23,REGULAR
634,Forum Sen,samueldevi@example.net,2025-03-24,REGULAR
635,Lakshit More,qushidhillon@example.net,2026-05-27,REGULAR
636,Eesha Bir,goureesha@example.org,2025-10-13,REGULAR
637,Odika Sabharwal,saanvi42@example.org,2023-12-04,REGULAR
638,Atharv Loke,vincentkashyap@example.net,2023-09-06,REGULAR
639,Vansha Desai,lprakash@example.com,2025-01-28,REGULAR
640,Nihal Hans,bachittarrege@example.org,2026-05-19,REGULAR
641,Tristan Jain,dominicgoel@example.com,2026-03-16,VIP
642,Ekta Shankar,prisharavel@example.org,2025-06-05,REGULAR
643,Dhriti Ramesh,vermaikbal@example.com,2024-12-21,REGULAR
644,Yatan Venkataraman,jbaral@example.com,2025-02-24,REGULAR
645,Ranveer Manne,trao@example.com,2024-12-26,PREMIUM
646,Chaitaly Bhagat,ubikaseth@example.org,2025-10-09,REGULAR
647,Pranit Deshmukh,usachdev@example.com,2023-09-05,PREMIUM
648,Saksham Sha,krishnaekiya@example.net,2025-07-19,REGULAR
649,Jatin Chand,senguptajanani@example.org,2025-03-05,REGULAR
650,Yasti Dutta,crai@example.org,2026-05-04,REGULAR
651,Nicholas Dhillon,charansaini@example.com,2024-07-13,REGULAR
652,Bhavya Golla,deepsamaksh@example.org,2025-06-21,REGULAR
653,Advik Shanker,itara@example.org,2025-06-05,VIP
654,Wazir Kalla,asetty@example.com,2023-11-04,REGULAR
655,Yash Mall,chandrangoyal@example.org,2023-10-08,PREMIUM
656,Balhaar Dhillon,misragarima@example.org,2023-10-01,REGULAR
657,Pranav Edwin,peter79@example.com,2026-05-25,REGULAR
658,Chandani Naidu,ladli16@example.net,2023-10-19,REGULAR
659,Krish Dara,forum86@example.net,2024-03-25,REGULAR
660,Dalbir Chopra,sulebhavna@example.com,2025-06-06,REGULAR
661,Aashi Vora,kai99@,2025-02-28,REGULAR
662,Waida Gole,binahari@example.org,2023-12-16,REGULAR
663,Jacob Johal,csachdev@example.com,2024-08-26,VIP
664,Advay Jaggi,aachal14@example.com,2025-02-14,REGULAR
665,Abeer Comar,harita69@example.net,2026-06-26,PREMIUM
666,Rishi Narayanan,varenya70@example.net,2024-01-04,REGULAR
667,Triveni Yadav,turvi60@example.net,2024-07-02,PREMIUM
668,Anirudh Joshi,irya12@example.com,2026-02-15,REGULAR
669,Keya Warrior,lopagrover@example.net,2023-12-15,REGULAR
670,Divya Balay,odika17@example.org,2024-09-19,REGULAR
671,Tarak Vohra,parth15@example.org,2025-12-08,REGULAR
672,Sachi Toor,subramanianxiti@example.org,2024-03-04,PREMIUM
673,Dayita Narang,guneetvarty@example.net,2026-08-01,VIP
674,Balhaar Sharaf,hvig@example.org,2024-07-14,REGULAR
675,Gagan Nath,gbatra@example.net,2025-11-25,REGULAR
676,Arin Muni,ekaniiyer@example.org,2024-06-18,REGULAR
677,Ridhi Dalal,manthan24@example.org,2023-08-25,PREMIUM
678,Samuel Palla,anika24@example.net,2024-05-03,VIP
679,Deepa Nigam,ibedi.com,2025-01-05,REGULAR
680,Hitesh Rajagopal,chadhapooja@example.com,2024-02-21,REGULAR
681,Ishani Muni,rudra81@example.com,2025-04-22,REGULAR
682,Upadhriti Chatterjee,rmukherjee@example.net,2025-09-25,REGULAR
683,Upma Kata,maanaskuruvilla@example.com,2024-10-11,REGULAR
684,Ekta Setty,ebalan@example.com,2023-12-10,REGULAR
685,Triya Garde,ijaya99@example.org,2025-02-15,REGULAR
686,Hredhaan Nanda,mittaltriya@example.com,2025-05-17,REGULAR
687,Yagnesh Dutt,erajagopalan@example.com,2024-03-24,REGULAR
688,Radhika Oommen,oscarbrahmbhatt@example.net,2026-05-25,REGULAR
689,Ishwar Sheth,gunbir72@example.com,2026-06-21,REGULAR
690,Ikbal Raghavan,warda01@example.org,2026-01-20,PREMIUM
691,Manan Dixit,swali@example.com,2025-06-13,PREMIUM
692,Rohan Jha,chandani94@example.com,2025-10-03,REGULAR
693,Gaurav Anand,sdatta@example.org,2024-09-16,REGULAR
694,Aadi Parmer,mandaazaan@example.org,2024-11-24,VIP
695,Eesha Raja,braj@example.net,2024-03-27,PREMIUM
696,Vaishnavi Dewan,leenaparsa@example.com,2024-01-25,REGULAR
697,Krish Apte,babumaanas@example.net,2026-04-04,REGULAR
698,Laban Chad,ojasvishah@example.net,2025-06-01,VIP
699,Pranit Sha,ysengupta@example.com,2024-04-12,REGULAR
700,Abhimanyu Tara,yachanaluthra@example.com,2026-05-20,REGULAR
701,Bahadurjit Barad,hpillay@example.net,2025-01-17,REGULAR
702,Lucky Vyas,udyati81@example.net,2026-04-10,VIP
703,Yatan Sodhi,zachariadevika.com,2023-10-05,PREMIUM
704,Advay Singh,evala@example.net,2025-10-21,REGULAR
705,Ira Menon,oliver09@example.net,2024-07-07,REGULAR
706,Darsh Solanki,charanmanne@example.net,2025-06-23,REGULAR
707,Vedhika Butala,yashasvibose@example.com,2024-05-11,PREMIUM
708,Anvi Kurian,choudhuryowen@example.net,2025-10-26,REGULAR
709,Kala Gill,warinder72@example.net,2026-03-10,REGULAR
710,Frado Dhillon,warhisachar@example.com,2024-04-25,REGULAR
711,Oliver Kade,chatura41@example.org,2024-02-08,REGULAR
712,Vamakshi Mitra,owalia@example.com,2025-08-27,REGULAR
713,Urvi Lala,radhikaarora@example.com,2026-05-21,VIP
714,Lavanya Mutti,chatterjeeirya@example.com,2025-06-08,REGULAR
715,Gautami Madan,guneet49@example.com,2024-12-26,REGULAR
716,Robert Venkatesh,pranit58@example.org,2025-08-15,REGULAR
717,Advik Sabharwal,vohrahemang@example.net,2024-12-09,REGULAR
718,Bhanumati Krishnamurthy,bahadurjitbajwa@example.net,2023-11-17,REGULAR
719,Jairaj Dar,dekeya@example.net,2025-11-23,REGULAR
720,Indrajit Gour,chaitaly71@example.net,2024-12-17,REGULAR
721,Prisha Naik,neel14@example.org,2024-10-01,REGULAR
722,Darpan Kuruvilla,pranav71@example.com,2026-07-17,VIP
723,Maya Gokhale,jchopra@example.net,2025-11-28,PREMIUM
724,Hitesh Sathe,harshil01@example.org,2025-04-26,REGULAR
725,Sanaya Bahl,pdixit@example.net,2023-08-09,VIP
726,Madhavi Lata,forumraman@example.net,2023-08-13,VIP
727,Vanya Sarin,iboase@example.org,2023-08-12,REGULAR
728,Jairaj Wason,gauri46@example.org,2025-07-01,REGULAR
729,Jasmit Warrior,faris74@example.net,2024-03-18,REGULAR
730,Leena Halder,madhavi15@example.com,2023-11-10,PREMIUM
731,Ranveer Dey,hansaryan@example.net,2026-08-05,REGULAR
732,Vrinda Ramachandran,zachariahdarika@example.com,2025-03-16,REGULAR
733,Amol Bansal,daksh50@example.com,2023-12-16,VIP
734,Manthan Kaul,bansallohit@example.com,2025-07-25,REGULAR
735,Chakradev Kibe,akshaygera@example.net,2023-10-02,REGULAR
736,Gunbir Shan,devanshcherian@example.org,2025-02-03,REGULAR
737,Dev Jain,znazareth@example.net,2025-08-21,REGULAR
738,Jai Devan,tanay09@example.org,2024-08-10,REGULAR
739,Anusha Dhaliwal,sganguly@example.com,2025-04-06,REGULAR
740,Yagnesh Baria,harishpuri@example.org,2023-08-26,REGULAR
741,Faris Ahuja,golagaurav@example.net,2025-07-23,REGULAR
742,Omaja Soni,samueldhar@example.net,2024-05-31,PREMIUM
743,Nisha Khare,baljiwangole@example.net,2025-02-06,REGULAR
744,Charvi Pall,jagrawal@example.org,2024-03-06,REGULAR
745,Janaki Zacharia,ucchaljoshi@example.com,2023-10-06,REGULAR
746,Manthan Som,kgoda@example.net,2026-05-16,VIP
747,Januja Mane,radhikakrishnamurthy@example.com,2025-06-15,PREMIUM
748,Caleb Chawla,yogipatrick@example.org,2025-12-16,REGULAR
749,Yutika D’Alia,keersai@example.net,2025-05-05,REGULAR
750,Rushil Nanda,imarannanda@example.org,2023-11-24,REGULAR
751,Ryan Prashad,ethansinha@example.net,2025-01-20,REGULAR
752,Maanav Kalita,ygokhale@example.com,2024-01-05,VIP
753,Jagrati Madan,gautamidatta@example.org,2025-09-05,REGULAR
754,Avni Deshpande,shrofftara@example.com,2024-02-12,REGULAR
755,Thomas Merchant,onkarkarpe@example.org,2024-11-02,VIP
756,Tarak Solanki,amallick@example.net,2024-11-20,REGULAR
757,Yug Narang,lkapadia@example.org,2026-05-06,REGULAR
758,Omisha Basu,singhalyamini@example.org,2024-11-17,REGULAR
759,Varenya Chaudhari,ptandon@example.org,2025-04-12,REGULAR
760,Niharika Kamdar,jagratimerchant@example.org,2025-07-18,REGULAR
761,Amol Srinivasan,neel79@example.net,2025-05-09,PREMIUM
762,Ubika Devi,ygoyal@example.com,2025-06-25,REGULAR
763,Ekavir Rajan,bachittar46@example.com,2025-09-12,PREMIUM
764,Faris Nayak,varmajanuja@example.org,2023-12-08,REGULAR
765,Udyati Baria,jeevika28@example.net,2023-10-21,REGULAR
766,Lakshit Natt,ishaansridhar@example.net,2026-06-03,VIP
767,Umang Nagi,amara86@example.com,2023-10-07,REGULAR
768,Hemani Sethi,hthaker@example.org,2025-01-05,REGULAR
769,Siya Pillai,guhatanvi@example.org,2023-11-04,REGULAR
770,Bhavya Bose,galaanya@example.org,2025-09-11,VIP
771,Matthew Jayaraman,memonomaja@example.net,2025-03-24,REGULAR
772,Urvi Palan,vsawhney@example.net,2023-09-01,REGULAR
773,Dev Bains,zinalnayak@example.com,2025-05-04,REGULAR
774,Vedika Wagle,tshankar@example.net,2023-12-31,REGULAR
775,Onveer Lad,vedaprabhu@example.com,2025-11-29,REGULAR
776,Manbir Pandit,tamanna29@example.org,2025-09-27,REGULAR
777,Qabil Gill,neelkhanna@example.org,2023-09-23,VIP
778,Jonathan Sastry,kala23@example.net,2025-09-22,VIP
779,Hemangini Divan,saumya82@example.net,2024-07-04,REGULAR
780,Nidhi Tata,taranagarajan@example.org,2023-08-13,REGULAR
781,Chakrika Som,manan97@example.com,2025-09-02,PREMIUM
782,Banjeet Dewan,morararyan@example.com,2025-06-15,REGULAR
783,Sanaya Parikh,narainchristopher@example.net,2025-07-11,PREMIUM
784,Arunima Hayre,chackosanaya@example.net,2025-08-14,REGULAR
785,Yauvani Ramesh,vrittinadkarni@example.net,2025-06-02,REGULAR
786,Jalsa Rao,prishapingle@example.com,2024-09-20,PREMIUM
787,Hemani Panchal,sanaya81@example.org,2025-10-14,VIP
788,Ojasvi Savant,nihal66@example.org,2026-02-09,REGULAR
789,Maanas Johal,vaishnavi85@example.org,2026-05-27,REGULAR
790,Gaurang Ahuja,amahajan@example.org,2025-04-09,REGULAR
791,Ryan Grewal,jmann@example.com,2023-09-24,VIP
792,Daksha Tak,bkapur@example.org,2024-01-24,REGULAR
793,Urmi Dash,omisha27@example.net,2025-07-15,PREMIUM
794,Jagdish Malhotra,mbhavsar@example.net,2024-09-08,PREMIUM
795,Rajata Kuruvilla,xdar@example.net,2025-10-20,REGULAR
796,Aashi Gaba,dhingraekaja@example.com,2026-03-28,PREMIUM
797,Ishanvi Gade,mahajanjalsa@example.com,2025-07-06,REGULAR
798,Chanakya Mann,faraj83@example.net,2024-02-25,VIP
799,Oliver Naidu,charvi45@example.org,2025-03-16,REGULAR
800,Maanas Arya,zarnamanda@example.com,2025-12-09,PREMIUM
801,Harini Gaba,kamdarmohammed@example.net,2024-04-07,REGULAR
802,Ishaan Sahni,hbose@example.org,2026-05-17,REGULAR
803,Ijaya Muni,liam79@example.net,2025-11-22,REGULAR
804,Orinder Modi,danitristan@example.org,2026-03-05,VIP
805,Utkarsh Mohanty,shauryade@example.org,2024-11-16,REGULAR
806,Faras Bahl,csankar@example.org,2023-12-05,REGULAR
807,Upasna Dani,caleb14@example.net,2023-08-20,REGULAR
808,Jatin Jha,qasimpanchal@example.org,2023-11-16,REGULAR
809,Ijaya Pandey,xitikhurana@example.net,2025-04-24,REGULAR
810,Akshay Wadhwa,rehaanmanda@example.org,2026-04-23,REGULAR
811,Hardik Kala,speri@example.net,2024-02-27,REGULAR
812,Pratyush Pant,nsamra@example.net,2024-04-14,REGULAR
813,Dipta Dasgupta,hchoudhary@example.org,2025-02-02,REGULAR
814,Bhavya Baria,narangwakeeta@example.org,2024-10-03,REGULAR
815,Devika Sawhney,nikitamannan@example.com,2024-03-02,REGULAR
816,Vamakshi Pillai,agastyaswamy@example.net,2023-12-02,REGULAR
817,Frederick Dar,megharattan@example.net,2025-05-17,PREMIUM
818,Om Bhattacharyya,rushil53@example.net,2026-02-19,REGULAR
819,Jason Kaul,rtata@example.net,2025-11-25,PREMIUM
820,Mugdha Parekh,fravel@example.net,2024-06-09,PREMIUM
821,Hritik Das,vrishti73@example.net,2026-06-06,PREMIUM
822,Hardik Bera,taraavi@example.org,2024-10-01,REGULAR
823,Michael Mitter,bosezinal@example.com,2025-12-24,REGULAR
824,Chaaya Tank,qthaman@example.net,2024-08-19,PREMIUM
825,Azad Sani,rajagopalshivani@example.com,2026-02-28,VIP
826,Tripti Banik,goelchavvi@example.net,2024-02-04,REGULAR
827,Krish Muni,wsura@example.org,2025-04-23,REGULAR
828,Upma Soni,yashawinibhalla@example.com,2024-05-23,REGULAR
829,Ira Mane,darsh09@example.org,2023-12-27,REGULAR
830,Ikshita Bala,lajita16@example.com,2026-07-31,PREMIUM
831,Indali Bhalla,yugkeer@example.net,2024-07-16,PREMIUM
832,Dominic Mody,nazarethomkaar@example.org,2025-03-21,REGULAR
833,Triveni Sami,bloke@example.net,2025-01-04,REGULAR
834,Edhitha Purohit,knaidu@example.org,2026-01-10,REGULAR
835,Samesh Nayar,zthakkar@example.net,2024-08-15,PREMIUM
836,Januja Sarin,watikaborra@example.net,2024-03-30,REGULAR
837,Champak Mishra,nkara@example.net,2026-06-23,REGULAR
838,Gayathri Mahajan,walivaishnavi@example.com,2024-03-25,REGULAR
839,Chasmum Thaman,rachita85@example.org,2024-11-05,REGULAR
840,Yutika Setty,anirudhvarty@example.org,2025-05-02,VIP
841,Unni Loyal,hbhasin@example.org,2024-09-11,REGULAR
842,Wridesh Dora,radhika65@example.org,2025-07-03,REGULAR
843,Amara Mangat,aahanakeer@example.com,2024-04-26,REGULAR
844,Rehaan Bala,dayitashettyexample.com,2025-04-13,PREMIUM
845,Pahal Bansal,nathanielmahajan@example.org,2023-09-09,PREMIUM
846,Patrick Basak,dbahri@example.org,2024-07-18,PREMIUM
847,Devansh Ray,gautam62@example.org,2023-12-09,REGULAR
848,Zayan Taneja,khannajason@example.com,2024-08-03,REGULAR
849,Warinder Sampath,maanaschhabra@example.org,2024-03-30,PREMIUM
850,Ria Rege,daksh78@example.com,2025-09-13,PREMIUM
851,Edhitha Sampath,rkoshy@example.org,2024-09-09,PREMIUM
852,Darika Bail,bhagatwriddhish@example.com,2025-04-05,REGULAR
853,Janani Dara,saanvirama@example.org,2026-05-02,REGULAR
854,Aadhya Mitra,keerchameli@example.org,2026-03-07,REGULAR
855,Reva Nadig,rbandi@example.org,2026-01-27,VIP
856,Urishilla Sachar,pahal12@example.net,2024-05-21,VIP
857,Indira Salvi,sudiksha00@example.net,2025-07-12,PREMIUM
858,Laban Aggarwal,oiyengar@example.com,2024-07-17,REGULAR
859,Indrajit Dugar,zaitrade@example.net,2025-08-29,REGULAR
860,Siya Sridhar,abhaghose@example.net,2025-05-19,REGULAR
861,Baghyawati Issac,sachdevajhalak@example.org,2024-10-13,PREMIUM
862,Udarsh Bail,karnikgaurav@example.com,2024-03-13,REGULAR
863,Chandran Rattan,jlad@example.org,2026-06-24,REGULAR
864,Jacob Atwal,rsetty@example.com,2023-12-16,VIP
865,Rayaan Lata,warda62@example.com,2026-03-04,REGULAR
866,Barkha Gulati,agole@example.org,2023-09-09,PREMIUM
867,Warinder Seshadri,kalashanker@example.org,2023-08-20,REGULAR
868,Ekiya Rao,leelasampath@example.net,2025-05-24,REGULAR
869,Girish Bhargava,natarajanwahabexample.com,2026-04-30,REGULAR
870,Abdul Kulkarni,zmittal@example.net,2024-09-18,REGULAR
871,Praneel Lad,yahvitailor@example.com,2026-03-28,REGULAR
872,Gaurav Nadig,qdhar@example.org,2024-07-17,PREMIUM
873,Xalak Mand,qushi44@example.net,2026-02-03,REGULAR
874,Zansi Munshi,ugala@example.net,2026-08-03,REGULAR
875,Ria Bera,manthanbhagat@example.org,2024-02-25,PREMIUM
876,Abha Gade,hsarin@example.com,2023-09-22,REGULAR
877,Vedhika Shankar,uchowdhury@example.org,2023-12-22,REGULAR
878,Samar Mander,omtrivedi@example.com,2025-04-17,VIP
879,Aayush Vora,omajabose@example.org,2025-11-28,REGULAR
880,Falguni Bal,jairaj65@example.net,2026-05-23,REGULAR
881,Ekiya Dube,bumbtriveni@example.net,2025-07-31,REGULAR
882,Amruta Ahluwalia,caleb97@example.com,2026-06-12,REGULAR
883,Siddharth Bava,ekantika01@example.net,2026-06-17,REGULAR
884,George Rastogi,pranav36@example.org,2023-08-31,PREMIUM
885,Nicholas Rama,pmane@example.net,2024-01-24,VIP
886,Vritti Sankaran,karan51@example.com,2025-02-20,REGULAR
887,Sanaya Rama,kloyal@example.net,2024-11-14,REGULAR
888,Jyoti Grewal,fsandhu@example.org,2025-02-21,REGULAR
889,Udarsh Dubey,ovyas@example.net,2025-03-06,REGULAR
890,Upadhriti Sarkar,sridharcharita@example.org,2026-07-22,REGULAR
891,Yuvraj Virk,kmerchant@example.org,2025-04-03,REGULAR
892,Yochana Chokshi,gsachar@example.com,2025-08-02,REGULAR
893,Isha Kumar,thakuramol@example.org,2025-10-28,REGULAR
894,Praneel Gopal,fbath@example.com,2026-03-26,PREMIUM
895,Dipta Sha,vlanka@example.org,2024-03-27,REGULAR
896,Aashi Cherian,bwarrior@example.org,2024-10-14,REGULAR
897,Onveer Sood,qravel@example.net,2025-05-29,REGULAR
898,Chavvi Patel,fmittal@example.org,2024-01-04,REGULAR
899,Isaac Babu,avikadakia@example.com,2025-07-19,REGULAR
900,Rajata Yohannan,gabrielmitra@example.com,2024-01-18,REGULAR
901,Anthony Dada,michaelsaxena@example.com,2025-01-06,VIP
902,Xavier Jaggi,manya05@example.org,2023-11-29,REGULAR
903,Ojasvi Tandon,balhaar76@example.com,2025-02-21,VIP
904,Vincent Bhat,samidiya@example.net,2023-10-17,REGULAR
905,Urvashi Dada,cpalan@example.net,2024-11-29,REGULAR
906,Bhavna Handa,cpadmanabhan@example.org,2025-02-15,REGULAR
907,Upadhriti Deep,madhavi65@example.com,2026-01-01,REGULAR
908,Sarthak Mandal,subramaniankai@example.org,2024-03-14,PREMIUM
909,Harrison Sagar,pmitter@example.org,2025-04-10,REGULAR
910,Jagrati Lal,nathan28@example.org,2026-01-09,REGULAR
911,Qushi Comar,jaikapur@example.com,2024-05-17,REGULAR
912,Isha Batra,matthew89@example.net,2023-12-01,VIP
913,Raksha Shankar,cherianharsh@example.net,2023-09-23,REGULAR
914,Oliver Dalal,janakidugar@example.net,2024-06-24,PREMIUM
915,Yashawini Tara,dubejanuja@example.com,2026-01-22,REGULAR
916,Saksham Sarna,pahuja@example.com,2024-08-17,REGULAR
917,Frederick Lata,oeshi53@example.org,2025-11-11,REGULAR
918,Vedant Devi,asachdev@example.com,2026-06-17,REGULAR
919,Ayushman Savant,advaithvarughese@example.org,2023-11-09,REGULAR
920,Neelima Gala,zbhat@example.org,2025-08-01,PREMIUM
921,Dalbir Venkatesh,oni68@example.com,2025-10-07,REGULAR
922,Hemangini Anand,manan67@example.net,2024-03-20,PREMIUM
923,Hemani Ravel,charvichad@example.org,2025-03-20,REGULAR
924,Jonathan Venkatesh,tanay18example.net,2024-07-16,VIP
925,Nathaniel Bajaj,zachariaaarna@example.org,2026-02-06,REGULAR
926,Pahal Tiwari,bhasinkashish@example.com,2025-06-26,REGULAR
927,Jatin Batta,senchanchal@example.net,2025-10-24,REGULAR
928,Harinakshi Keer,inayamistry@example.com,2025-08-08,REGULAR
929,Krishna Venkatesh,henrynarang@example.net,2025-05-08,PREMIUM
930,Suhani Chaudhari,pavanisabharwal@example.org,2023-11-18,REGULAR
931,Kalpit Soni,sanayabrahmbhatt@example.com,2025-08-19,REGULAR
932,Zilmil Rana,wishi67@example.net,2026-05-25,PREMIUM
933,Omaja Gaba,yashasvidatta@example.com,2025-09-26,REGULAR
934,Yochana Wadhwa,kalatamanna@example.com,2023-09-13,REGULAR
935,Kala Dani,hchoudhary@example.com,2025-04-26,REGULAR
936,Michael Dalal,dalaja54@example.com,2025-01-22,VIP
937,Lucky Sama,modybhanumati@example.org,2024-02-25,REGULAR
938,Aarnav Das,ekansh06@example.com,2025-04-28,VIP
939,Geetika Purohit,wdeo@example.org,2025-02-12,PREMIUM
940,Shivani Sen,eshanachakraborty@example.net,2025-08-06,REGULAR
941,Lila Kaul,inori@example.org,2026-06-24,PREMIUM
942,Arunima Chakrabarti,aryanmore@example.net,2025-07-16,REGULAR
943,Reyansh Bera,vamakshithakkar@example.org,2023-12-18,PREMIUM
944,Anirudh Maharaj,yatansawhney@example.org,2026-01-09,PREMIUM
945,Neelima Bath,vbajaj@example.com,2024-02-22,REGULAR
946,Edhitha Raja,gavin11@example.net,2024-02-09,REGULAR
947,Qadim Kumer,dubedamyanti@example.com,2025-08-21,VIP
948,Eshana Golla,bhardwajchanchal@example.com,2023-11-25,REGULAR
949,Nitara Naik,keya10@example.org,2024-04-27,VIP
950,Waida Trivedi,rcontractor@example.org,2024-07-22,PREMIUM
951,Dominic Sule,reddyvivaan@example.org,2024-05-29,PREMIUM
952,Yatin Dass,niharika71@example.net,2025-02-07,VIP
953,Kashvi Zachariah,yatanyogi@example.com,2026-06-27,VIP
954,Benjamin Agarwal,pmann@example.org,2023-08-09,PREMIUM
955,Anjali Krishna,opanchal@example.org,2025-05-11,REGULAR
956,Chakradev Edwin,mitalgaurav@example.com,2025-09-12,PREMIUM
957,Ati Sankaran,yamininadkarni@example.net,2026-06-10,REGULAR
958,Sneha Mahajan,ekantaom@example.org,2024-12-24,REGULAR
959,Amol Deol,soniaayush@example.org,2025-08-15,REGULAR
960,Vrinda Ramaswamy,brahmbhattazaan@example.net,2024-12-08,REGULAR
961,Ira Puri,lila20@example.org,2024-12-28,REGULAR
962,Sai Andra,anmolmand@example.net,2026-05-14,REGULAR
963,Rehaan Chana,timothy37@example.com,2023-09-18,PREMIUM
964,Shaurya Amble,meghanachoudhry@example.com,2025-04-23,VIP
965,Onkar Hari,dhruvdave@example.net,2023-10-19,REGULAR
966,Vedant Virk,rehaan08@example.net,2024-05-12,REGULAR
967,Aarnav Sane,naidurachana@example.com,2024-06-04,REGULAR
968,Warhi Pathak,kapurchampak@example.com,2026-05-11,PREMIUM
969,Diya Ahluwalia,vhayer@example.org,2026-03-30,REGULAR
970,Upkaar Sampath,krishronith@example.org,2024-08-03,VIP
971,Gunbir Bala,zsankaran@example.org,2025-05-19,REGULAR
972,Zashil Kota,solankiwilliam.com,2026-02-06,REGULAR
973,Zinal Khalsa,sarnagirish@example.net,2024-12-10,PREMIUM
974,Frederick Bhat,purohitdhriti@example.net,2023-10-19,VIP
975,David Sathe,mitrarachana@example.org,2023-11-28,REGULAR
976,Charles Menon,gratti@example.net,2025-11-10,REGULAR
977,Advaith Setty,yshetty@example.com,2026-03-30,REGULAR
978,Harinakshi Bal,vvarughese@example.net,2024-03-06,VIP
979,Advik Bir,jonathanupadhyay@example.com,2024-09-01,REGULAR
980,Sai Grewal,lakshbasu@example.org,2023-12-26,REGULAR
981,Yochana Parmar,madhav27@example.com,2025-05-31,REGULAR
982,Jyoti Anand,daksheshkhanna@example.net,2026-01-22,PREMIUM
983,Pahal Padmanabhan,saijaggi@example.org,2024-08-17,REGULAR
984,Unni Narula,chandani65@example.org,2023-12-01,REGULAR
985,Warhi Kanda,kapoorvictor@example.com,2025-06-22,REGULAR
986,Vasana Narula,zjha@example.org,2026-01-30,PREMIUM
987,Janani Anne,parmarayushman@example.net,2023-12-13,VIP
988,Ria Hayer,caleb03@example.org,2024-06-15,REGULAR
989,Adweta Ghosh,yatan23@example.org,2024-02-17,PREMIUM
990,Harrison Bail,ladlichoudhry@example.com,2026-05-30,REGULAR
991,Tanmayi Khatri,kashish28@example.net,2026-04-01,REGULAR
992,Jagat Dhawan,ranveerhanda.com,2024-09-26,REGULAR
993,Eesha Sanghvi,chakradhargulati@example.net,2024-06-26,REGULAR
994,Falak Kota,mammenjonathan@example.net,2026-07-05,REGULAR
995,Shaurya Bumb,kbhattacharyya@example.net,2024-10-07,VIP
996,Wishi Venkataraman,ugola@example.net,2024-09-21,REGULAR
997,Warda Som,nandini90@example.org,2024-04-05,REGULAR
998,Siya Keer,tkamdar@example.com,2026-04-09,REGULAR
999,Kavya Kumar,desaifrado@example.com,2024-12-08,VIP
1000,Victor Barman,nvala@example.com,2024-11-18,PREMIUM
